<?xml version="1.0" encoding="utf-8"?>
<Avtovoksal>
	<Voksal>
		<Point>Гродно.</Point>
		<Nummer>Автобус 678</Nummer>
		<PointOf>Минск</PointOf>
	</Voksal>
	
	<Voksal>
		<Point>Гродно.</Point>
		<Nummer>Автобус 678</Nummer>
		<PointOf>Минск</PointOf>
	</Voksal>

	<Voksal>
		<Point>Гродно.</Point>
		<Nummer>Автобус 678</Nummer>
		<PointOf>Минск</PointOf>
	</Voksal>

	<Voksal>
		<Point>Гродно.</Point>
		<Nummer>Автобус 678</Nummer>
		<PointOf>Минск</PointOf>
	</Voksal>

	<Voksal>
		<Point>Гродно.</Point>
		<Nummer>Автобус 678</Nummer>
		<PointOf>Минск</PointOf>
	</Voksal>

	<Voksal>
		<Point>Гродно.</Point>
		<Nummer>Автобус 678</Nummer>
		<PointOf>Минск</PointOf>
	</Voksal>

	<Voksal>
		<Point>Гродно.</Point>
		<Nummer>Автобус 678</Nummer>
		<PointOf>Минск</PointOf>
	</Voksal>
</Avtovoksal>